<?xml version="1.0" encoding="UTF-8"?><bookmarks><file xmlns="http://www.w3.org/1999/xhtml" absolutepath="/Users/TAO/Documents/MATLAB/InverParaApp2.mlapp"></file><file xmlns="http://www.w3.org/1999/xhtml" absolutepath="/Users/TAO/Documents/MATLAB/InverPara.m"></file><file xmlns="http://www.w3.org/1999/xhtml" absolutepath="/Users/TAO/Documents/MATLAB/AFDeter.mlapp"></file><file xmlns="http://www.w3.org/1999/xhtml" absolutepath="/Users/TAO/Documents/MATLAB/ergun_equation.m"></file><file xmlns="http://www.w3.org/1999/xhtml" absolutepath="/Users/TAO/Documents/MATLAB/AFDeter_exe.mlapp"></file></bookmarks>