<?xml version="1.0" encoding="utf-8"?>
<ApplicationInstallerManifest>
   <DefaultInstallationDirectory>/Applications/TUL/AFDeter/</DefaultInstallationDirectory>
   <ApplicationName>AFDeter</ApplicationName>
   <ExecutableName>application/AFDeter.exe</ExecutableName>
   <GUID>dcd63393-ab0c-4bee-bd2d-51b533b83159</GUID>
   <ApplicationIcon>icon_48.png</ApplicationIcon>
   <Logo>default_logo.png</Logo>
   <Version>1.1</Version>
   <InstallationNotes>In the following directions, replace MR/v911 by the directory on the target machine where MATLAB is installed, or MR by the directory where the MATLAB Runtime is installed.

If the environment variable DYLD_LIBRARY_PATH is undefined, set it to the following string:

MR/v911/runtime/maci64:MR/v911/sys/os/maci64:MR/v911/bin/maci64

If it is defined, set it to the following:

${DYLD_LIBRARY_PATH}:MR/v911/runtime/maci64:MR/v911/sys/os/maci64:MR/v911/bin/maci64
</InstallationNotes>
   <AuthorOrganization>TUL</AuthorOrganization>
   <Summary>AFDeter is used to simultaneously determine the structural parameters of fibrous materials based on their airflow penetration behavior.</Summary>
   <WelcomePanelText>AFDeter 1.1
AFDeter is used to simultaneously determine the structural parameters of fibrous materials based on their airflow penetration behavior.

AFDeter can be applied on a variety of fibrous materials, such as needle punched, melt blown, spunlacea conventional nonwoven fabrics, electrospinning nanofiber webs and so on.

Tao Yang
tao.yang@tul.cz</WelcomePanelText>
   <MCRProducts>
      <MCRProduct>
         <ExternalProductIdentifier>35000</ExternalProductIdentifier>
      </MCRProduct>
      <MCRProduct>
         <ExternalProductIdentifier>35010</ExternalProductIdentifier>
      </MCRProduct>
   </MCRProducts>
</ApplicationInstallerManifest>